93ce86d671db03,uie_t8_hud_char_icon_airborne
f85710b55dc7589,uie_t8_hud_char_icon_ajax
9ce1be52022269b,uie_t8_hud_char_icon_battery
2e6d79d0195c203,uie_t8_hud_char_icon_battlehardened
dcbebc4f89a1e2b,uie_t8_hud_char_icon_bruno
7d7a5eb3b9e3da5,uie_t8_hud_char_icon_bruno_01
d145431372289ac,uie_t8_hud_char_icon_crash
7ad4526b9f30e68,uie_t8_hud_char_icon_defaultcharacter
7ad4326b9f30b02,uie_t8_hud_char_icon_defaultcharacter_01
7ad4426b9f30cb5,uie_t8_hud_char_icon_defaultcharacter_02
7ad4226b9f3094f,uie_t8_hud_char_icon_defaultcharacter_03
7ad4126b9f3079c,uie_t8_hud_char_icon_defaultcharacter_04
7ad3e26b9f30283,uie_t8_hud_char_icon_defaultcharacter_05
7ad4026b9f305e9,uie_t8_hud_char_icon_defaultcharacter_06
7ad3f26b9f30436,uie_t8_hud_char_icon_defaultcharacter_07
cafe6fc3b5f5010,uie_t8_hud_char_icon_dempsey
71569fda1e2d079,uie_t8_hud_char_icon_dempsey_02
7c3946dfcb3186b,uie_t8_hud_char_icon_diego
84330c212a2c4e5,uie_t8_hud_char_icon_diego_01
a10c1d8611f27ad,uie_t8_hud_char_icon_firebreak
98c9164d972a4f7,uie_t8_hud_char_icon_frogman
2cfb590ee3839fd,uie_t8_hud_char_icon_hudson
cb3c4519485b423,uie_t8_hud_char_icon_mason
2ac2afb746d575d,uie_t8_hud_char_icon_menendez
b0b4c4bf8d7a4ea,uie_t8_hud_char_icon_nikolai
2fd1a0bcfa7616b,uie_t8_hud_char_icon_nikolai_02
835ff1db9e421b1,uie_t8_hud_char_icon_nomad
ae023e1775667f8,uie_t8_hud_char_icon_none
ea48da163aebba0,uie_t8_hud_char_icon_prophet
4b8007f307e94a1,uie_t8_hud_char_icon_ranger
98bb3df643f454d,uie_t8_hud_char_icon_recon
695115f50d42217,uie_t8_hud_char_icon_reznov
4a8ada5e8633f3c,uie_t8_hud_char_icon_richtofen
e986e4c844a1d01,uie_t8_hud_char_icon_richtofen_01
3501304eb9b5204,uie_t8_hud_char_icon_ruin
3dff6449b4fbba3,uie_t8_hud_char_icon_scarlett
e7a0ffb575f4c1d,uie_t8_hud_char_icon_scarlett_01
622c55a74288b20,uie_t8_hud_char_icon_seal
488abe5cae80883,uie_t8_hud_char_icon_seraph
d78cc31f45be476,uie_t8_hud_char_icon_shadowman
57b2ffd58957fc,uie_t8_hud_char_icon_shaw
2dfeafb05f0b4c6,uie_t8_hud_char_icon_shaw_02
32a5887d88ce8c1,uie_t8_hud_char_icon_takeo
75831be84f9a29c,uie_t8_hud_char_icon_takeo_02
46d6b642dcb9d4f,uie_t8_hud_char_icon_torque
d7f2b8c6bbd39ff,uie_t8_hud_char_icon_woods
a76163acbebf8fa,$black
322fda9089cdeae,$black_color
61db6d1bfff20d7,$black_gloss
90ab39b6e302350,$black_multimask
c11263e1b06122,$black_reveal
b86516477eb8c9,$black_spec_illegal
a110f79a9423286,$black_specular
92ac9784ee42497,$black_thickness
214ecba8c04d44c,$blacktransparent
1dc2ecf6f5013cc,$blacktransparent_color
38192166939726f,$camo_base_detail
b73840d7f47facc,$camo_base_gloss
4e4a351fd7a83fe,$camo_base_mask
aa32a1a1bdc48dd,$camo_base_normal
5476fdffc13253,$color
ad5a2580abb249f,$color_black_40
ce3b8f635ee2e5,$default_channel_r
7e648f00a33038b,$gloss
8a8adf2fc55f6f8,$gray
317746176dd0633,$gray_32_one_channel
a627d931a8458,$gray_one_channel
53d6cdfdfdfa5e,$half_reveal
b074d308adc9c,$height
364f6bd7a875639,$identityflowmap
c3c2dcaa1919434,$identitynormalmap
dac63ac31613abc,$normal
502721627507854,$occlusion
c6764a97467cb4,$occlusion_50
78e9c05a2247fd0,$occlusion_black
36e216e86ee1426,$reveal
503f4b8eb9a358,$snow
656be7422365b43,$spec_simple
6c8688ba5b9e6b2,$specular
83354690a461ba,$specular_ice
e0fb1c402a5f193,$specular_mask
a74c683f72c5ab,$thickness
35dc4e42765ba09,$thickness_base
acc8c7eadb649bc,$white
fd1eb9d1e41b805,$white_ao
d5701bc91bb0951,$white_diffuse
7cb9fa14c080437,$white_diffuse_cube
f318606b4d48ddc,$white_diffuse_hdr
7b8d7dc1b28a930,$white_effect
3dd7f6bd2ee1ed,$white_gloss
2f44102332cc08e,$white_multimask
d2bc412751e722e,$white_r32f
babf948c70fe584,$white_reveal
6105cb768b768dc,$white_reveal_cube
148f612dbb6f1c,$white_specular
af8bb1abfbf429,$white_thickness
d90d6ef25f5b03,$whitetransparent
a08ad8c4c683cc2,$whitetransparent_color
b94018041856013,skin_pore_detail
83fd952aa6918a6,ui_icon_rank_wz_level01
83fd852aa6916f3,ui_icon_rank_wz_level02
83fd752aa691540,ui_icon_rank_wz_level03
83fde52aa692125,ui_icon_rank_wz_level04
83fdd52aa691f72,ui_icon_rank_wz_level05
83fdc52aa691dbf,ui_icon_rank_wz_level06
83fdb52aa691c0c,ui_icon_rank_wz_level07
83fe252aa6927f1,ui_icon_rank_wz_level08
83fe152aa69263e,ui_icon_rank_wz_level09
83cd452aa66da50,ui_icon_rank_wz_level10
83cd552aa66dc03,ui_icon_rank_wz_level11
83cd652aa66ddb6,ui_icon_rank_wz_level12
83cd752aa66df69,ui_icon_rank_wz_level13
83cd852aa66e11c,ui_icon_rank_wz_level14
83cd952aa66e2cf,ui_icon_rank_wz_level15
83cda52aa66e482,ui_icon_rank_wz_level16
83cdb52aa66e635,ui_icon_rank_wz_level17
83cdc52aa66e7e8,ui_icon_rank_wz_level18
83cdd52aa66e99b,ui_icon_rank_wz_level19
846e652aa6f4d6b,ui_icon_rank_wz_level20
846e552aa6f4bb8,ui_icon_rank_wz_level21
846e852aa6f50d1,ui_icon_rank_wz_level22
846e752aa6f4f1e,ui_icon_rank_wz_level23
846ea52aa6f5437,ui_icon_rank_wz_level24
846e952aa6f5284,ui_icon_rank_wz_level25
846ec52aa6f579d,ui_icon_rank_wz_level26
846eb52aa6f55ea,ui_icon_rank_wz_level27
846de52aa6f3fd3,ui_icon_rank_wz_level28
846dd52aa6f3e20,ui_icon_rank_wz_level29
8436052aa6c33e2,ui_icon_rank_wz_level30
8436152aa6c3595,ui_icon_rank_wz_level31
8435e52aa6c307c,ui_icon_rank_wz_level32
8435f52aa6c322f,ui_icon_rank_wz_level33
8435c52aa6c2d16,ui_icon_rank_wz_level34
8435d52aa6c2ec9,ui_icon_rank_wz_level35
8435a52aa6c29b0,ui_icon_rank_wz_level36
8435b52aa6c2b63,ui_icon_rank_wz_level37
8436852aa6c417a,ui_icon_rank_wz_level38
8436952aa6c432d,ui_icon_rank_wz_level39
84d7252aa74a6fd,ui_icon_rank_wz_level40
84d7152aa74a54a,ui_icon_rank_wz_level41
84d7052aa74a397,ui_icon_rank_wz_level42
84d6f52aa74a1e4,ui_icon_rank_wz_level43
84d6e52aa74a031,ui_icon_rank_wz_level44
84d6d52aa749e7e,ui_icon_rank_wz_level45
84d6c52aa749ccb,ui_icon_rank_wz_level46
84d6b52aa749b18,ui_icon_rank_wz_level47
84d6a52aa749965,ui_icon_rank_wz_level48
84d6952aa7497b2,ui_icon_rank_wz_level49
84a6c52aa7266f4,ui_icon_rank_wz_level50
84a6d52aa7268a7,ui_icon_rank_wz_level51
84a6e52aa726a5a,ui_icon_rank_wz_level52
84a6f52aa726c0d,ui_icon_rank_wz_level53
84a6852aa726028,ui_icon_rank_wz_level54
84a6952aa7261db,ui_icon_rank_wz_level55
84a6a52aa72638e,ui_icon_rank_wz_level56
84a6b52aa726541,ui_icon_rank_wz_level57
84a6452aa72595c,ui_icon_rank_wz_level58
84a6552aa725b0f,ui_icon_rank_wz_level59
8545e52aa7aa3af,ui_icon_rank_wz_level60
8545d52aa7aa1fc,ui_icon_rank_wz_level61
8546052aa7aa715,ui_icon_rank_wz_level62
8545f52aa7aa562,ui_icon_rank_wz_level63
8545a52aa7a9ce3,ui_icon_rank_wz_level64
8545952aa7a9b30,ui_icon_rank_wz_level65
8545c52aa7aa049,ui_icon_rank_wz_level66
8545b52aa7a9e96,ui_icon_rank_wz_level67
8546652aa7ab147,ui_icon_rank_wz_level68
8546552aa7aaf94,ui_icon_rank_wz_level69
850d852aa778a26,ui_icon_rank_wz_level70
850d952aa778bd9,ui_icon_rank_wz_level71
850d652aa7786c0,ui_icon_rank_wz_level72
850d752aa778873,ui_icon_rank_wz_level73
850dc52aa7790f2,ui_icon_rank_wz_level74
850dd52aa7792a5,ui_icon_rank_wz_level75
850da52aa778d8c,ui_icon_rank_wz_level76
850db52aa778f3f,ui_icon_rank_wz_level77
850e052aa7797be,ui_icon_rank_wz_level78
850e152aa779971,ui_icon_rank_wz_level79
85b6a52aa80d6c1,ui_icon_rank_wz_level80
680dc2e149a2556,ui_icon_rank_wz_level01_large
63d7bf8ea915213,ui_icon_rank_wz_level02_large
e4f59e86a5a4bbc,ui_icon_rank_wz_level03_large
6dbb3af77318969,ui_icon_rank_wz_level04_large
60f7966be98a972,ui_icon_rank_wz_level05_large
bc8def3a9367c4f,ui_icon_rank_wz_level06_large
fb08ef6440d3d98,ui_icon_rank_wz_level07_large
653bd7928a9dbb5,ui_icon_rank_wz_level08_large
697ee749794174e,ui_icon_rank_wz_level09_large
a0eddbd8d678f4c,ui_icon_rank_wz_level10_large
77bff71a2f795a3,ui_icon_rank_wz_level11_large
c3c913b3b7d2226,ui_icon_rank_wz_level12_large
3c16ffbd98f534d,ui_icon_rank_wz_level13_large
a9752cb6662fd28,ui_icon_rank_wz_level14_large
357e93b515ef91f,ui_icon_rank_wz_level15_large
1785aa2fc674442,ui_icon_rank_wz_level16_large
5c06419ebd073f9,ui_icon_rank_wz_level17_large
e8eafe944d22924,ui_icon_rank_wz_level18_large
d3b54ca1b47ed3b,ui_icon_rank_wz_level19_large
3ee5a8017ef6a4b,ui_icon_rank_wz_level20_large
2130ed16f35d9b4,ui_icon_rank_wz_level21_large
e090481e24027d5,ui_icon_rank_wz_level22_large
3a12d271b6dd26e,ui_icon_rank_wz_level23_large
707b737b8d56447,ui_icon_rank_wz_level24_large
97b7dbbe19c7a70,ui_icon_rank_wz_level25_large
488513986092fa1,ui_icon_rank_wz_level26_large
167d5b20ceea00a,ui_icon_rank_wz_level27_large
76dc3068c264933,ui_icon_rank_wz_level28_large
49cba681fb6dd5c,ui_icon_rank_wz_level29_large
a11bab59d747562,ui_icon_rank_wz_level30_large
98bdda385c0c199,ui_icon_rank_wz_level31_large
cabb2e2ef6ed948,ui_icon_rank_wz_level32_large
5bb7c3be7158c3f,ui_icon_rank_wz_level33_large
9973d985a9463c6,ui_icon_rank_wz_level34_large
107e98a5b7e4bed,ui_icon_rank_wz_level35_large
f7da3969045746c,ui_icon_rank_wz_level36_large
155f844404c6c3,ui_icon_rank_wz_level37_large
3e9d45e4612e2da,ui_icon_rank_wz_level38_large
9c9adb73b041771,ui_icon_rank_wz_level39_large
69cb1510f150bc1,ui_icon_rank_wz_level40_large
5334f3ba6deedaa,ui_icon_rank_wz_level41_large
ad430c152c764e7,ui_icon_rank_wz_level42_large
214ddce82a9ab90,ui_icon_rank_wz_level43_large
9e797875ff565f5,ui_icon_rank_wz_level44_large
b1db7b70be5668e,ui_icon_rank_wz_level45_large
7bad409b1e16aeb,ui_icon_rank_wz_level46_large
d6b90b629c48c54,ui_icon_rank_wz_level47_large
2ee854d0c213da9,ui_icon_rank_wz_level48_large
ba57ded5a6cc2b2,ui_icon_rank_wz_level49_large
5598c25dc680c60,ui_icon_rank_wz_level50_large
7e58bf14620cf77,ui_icon_rank_wz_level51_large
f31310c9ec9dfa,ui_icon_rank_wz_level52_large
e5ff4c4df7c3791,ui_icon_rank_wz_level53_large
78ab46fe3896b64,ui_icon_rank_wz_level54_large
c58f394282d847b,ui_icon_rank_wz_level55_large
87d2e75fb02d55e,ui_icon_rank_wz_level56_large
d349fb705f69ec5,ui_icon_rank_wz_level57_large
bff1c12c597d368,ui_icon_rank_wz_level58_large
d70c344a0abd85f,ui_icon_rank_wz_level59_large
5f3daf36f95d1bf,ui_icon_rank_wz_level60_large
ce4119a77ef1ec8,ui_icon_rank_wz_level61_large
9c43c5b0e410719,ui_icon_rank_wz_level62_large
a4a196d25f4bae2,ui_icon_rank_wz_level63_large
4dbe3bcc850c43,ui_icon_rank_wz_level64_large
fb6024e18c5b9ec,ui_icon_rank_wz_level65_large
1404841e3fe916d,ui_icon_rank_wz_level66_large
9cf9c4fe314a946,ui_icon_rank_wz_level67_large
fe2927f51e43d57,ui_icon_rank_wz_level68_large
4d79b248a875040,ui_icon_rank_wz_level69_large
6b93ae59d1a6ad6,ui_icon_rank_wz_level70_large
6e733836eb40e7d,ui_icon_rank_wz_level71_large
e87b89ff2da913c,ui_icon_rank_wz_level72_large
675dab073119793,ui_icon_rank_wz_level73_large
647d81e4718eef2,ui_icon_rank_wz_level74_large
7141266ffb1cee9,ui_icon_rank_wz_level75_large
fe8edadcc8d8318,ui_icon_rank_wz_level76_large
c013dab31b6c1cf,ui_icon_rank_wz_level77_large
6d04d2c20145cce,ui_icon_rank_wz_level78_large
68c1c30b12a2135,ui_icon_rank_wz_level79_large
d6cfe6e8e76e445,ui_icon_rank_wz_level80_large
f3df740552b881,ui_icon_wz_prestige_01
f3dc740552b368,ui_icon_wz_prestige_02
f3dd740552b51b,ui_icon_wz_prestige_03
f3e2740552bd9a,ui_icon_wz_prestige_04
f3e3740552bf4d,ui_icon_wz_prestige_05
f3e0740552ba34,ui_icon_wz_prestige_06
f3e1740552bbe7,ui_icon_wz_prestige_07
f3d6740552a936,ui_icon_wz_prestige_08
f3d7740552aae9,ui_icon_wz_prestige_09
f6e4740554f6d7,ui_icon_wz_prestige_10
f6e3740554f524,ui_icon_wz_prestige_11
f6e6740554fa3d,ui_icon_wz_prestige_12
f6e5740554f88a,ui_icon_wz_prestige_13
40e770caa765705,ui_icon_wz_prestige_01_large
4862608f63778a4,ui_icon_wz_prestige_02_large
332cae9ccad3cbb,ui_icon_wz_prestige_03_large
147ea6b566b013a,ui_icon_wz_prestige_04_large
c390d65995fcd1,ui_icon_wz_prestige_05_large
d5038fe317d61a0,ui_icon_wz_prestige_06_large
1d6305de0d8f9b7,ui_icon_wz_prestige_07_large
234075aece271a6,ui_icon_wz_prestige_08_large
9b8e61b8af4a2cd,ui_icon_wz_prestige_09_large
b48d529057f3127,ui_icon_wz_prestige_10_large
f03b5290c44e5d0,ui_icon_wz_prestige_11_large
d7688a6b394c401,ui_icon_wz_prestige_12_large
d29fc13fbf442ea,ui_icon_wz_prestige_13_large
58eb24cbb6ee58f,ui_icon_mp_masterprestige
b1ead94647a31c9,ui_icon_mp_prestige_01
b1eaa94647a2cb0,ui_icon_mp_prestige_02
b1eab94647a2e63,ui_icon_mp_prestige_03
b1eb094647a36e2,ui_icon_mp_prestige_04
b1eb194647a3895,ui_icon_mp_prestige_05
b1eae94647a337c,ui_icon_mp_prestige_06
b1eaf94647a352f,ui_icon_mp_prestige_07
b1eb494647a3dae,ui_icon_mp_prestige_08
b1eb594647a3f61,ui_icon_mp_prestige_09
b223294647d499f,ui_icon_mp_prestige_10
cc0270c9e85aedf,ui_icon_mp_masterprestige_large
cf7540b71eef6ed,ui_icon_mp_prestige_01_large
b6d0e17a6b61f6c,ui_icon_mp_prestige_02_large
c04ca055a7571c3,ui_icon_mp_prestige_03_large
6012536b3e52062,ui_icon_mp_prestige_04_large
57b48249c316c99,ui_icon_mp_prestige_05_large
89b1d6405df8448,ui_icon_mp_prestige_06_large
1aae6bcfd86373f,ui_icon_mp_prestige_07_large
3fd5a448ab69c3e,ui_icon_mp_prestige_08_large
29fcb80b08ee3a5,ui_icon_mp_prestige_09_large
4c188274380e26f,ui_icon_mp_prestige_10_large
5cb8fa2fc32adfa,ui_icon_rank_mp_level01
5cb8ea2fc32ac47,ui_icon_rank_mp_level02
5cb8da2fc32aa94,ui_icon_rank_mp_level03
5cb8ca2fc32a8e1,ui_icon_rank_mp_level04
5cb8ba2fc32a72e,ui_icon_rank_mp_level05
5cb8aa2fc32a57b,ui_icon_rank_mp_level06
5cb89a2fc32a3c8,ui_icon_rank_mp_level07
5cb88a2fc32a215,ui_icon_rank_mp_level08
5cb87a2fc32a062,ui_icon_rank_mp_level09
5c80aa2fc2f9624,ui_icon_rank_mp_level10
5c80ba2fc2f97d7,ui_icon_rank_mp_level11
5c80ca2fc2f998a,ui_icon_rank_mp_level12
5c80da2fc2f9b3d,ui_icon_rank_mp_level13
5c806a2fc2f8f58,ui_icon_rank_mp_level14
5c807a2fc2f910b,ui_icon_rank_mp_level15
5c808a2fc2f92be,ui_icon_rank_mp_level16
5c809a2fc2f9471,ui_icon_rank_mp_level17
5c802a2fc2f888c,ui_icon_rank_mp_level18
5c803a2fc2f8a3f,ui_icon_rank_mp_level19
5d27ca2fc38ac5f,ui_icon_rank_mp_level20
5d27ba2fc38aaac,ui_icon_rank_mp_level21
5d27ea2fc38afc5,ui_icon_rank_mp_level22
5d27da2fc38ae12,ui_icon_rank_mp_level23
5d278a2fc38a593,ui_icon_rank_mp_level24
5d277a2fc38a3e0,ui_icon_rank_mp_level25
5d27aa2fc38a8f9,ui_icon_rank_mp_level26
5d279a2fc38a746,ui_icon_rank_mp_level27
5d284a2fc38b9f7,ui_icon_rank_mp_level28
5d283a2fc38b844,ui_icon_rank_mp_level29
5cef6a2fc3592d6,ui_icon_rank_mp_level30
5cef7a2fc359489,ui_icon_rank_mp_level31
5cef4a2fc358f70,ui_icon_rank_mp_level32
5cef5a2fc359123,ui_icon_rank_mp_level33
5cefaa2fc3599a2,ui_icon_rank_mp_level34
5cefba2fc359b55,ui_icon_rank_mp_level35
5cef8a2fc35963c,ui_icon_rank_mp_level36
5cef9a2fc3597ef,ui_icon_rank_mp_level37
5cefea2fc35a06e,ui_icon_rank_mp_level38
5ceffa2fc35a221,ui_icon_rank_mp_level39
5bdf8a2fc272309,ui_icon_rank_mp_level40
5bdf7a2fc272156,ui_icon_rank_mp_level41
5bdf6a2fc271fa3,ui_icon_rank_mp_level42
5bdf5a2fc271df0,ui_icon_rank_mp_level43
5bdfca2fc2729d5,ui_icon_rank_mp_level44
5bdfba2fc272822,ui_icon_rank_mp_level45
5bdfaa2fc27266f,ui_icon_rank_mp_level46
5bdf9a2fc2724bc,ui_icon_rank_mp_level47
5be00a2fc2730a1,ui_icon_rank_mp_level48
5bdffa2fc272eee,ui_icon_rank_mp_level49
5ba72a2fc240980,ui_icon_rank_mp_level50
5ba73a2fc240b33,ui_icon_rank_mp_level51
5ba74a2fc240ce6,ui_icon_rank_mp_level52
5ba75a2fc240e99,ui_icon_rank_mp_level53
5ba76a2fc24104c,ui_icon_rank_mp_level54
5ba77a2fc2411ff,ui_icon_rank_mp_level55
21793be97ac0b5a,ui_icon_rank_mp_level01_large
dd7f3281afd2057,ui_icon_rank_mp_level02_large
2ccfbcd53a03340,ui_icon_rank_mp_level03_large
4de205febb76125,ui_icon_rank_mp_level04_large
63baf23c5df19be,ui_icon_rank_mp_level05_large
d7d7441f5ecf1db,ui_icon_rank_mp_level06_large
a171ba6b5829344,ui_icon_rank_mp_level07_large
7b99d03d759ea19,ui_icon_rank_mp_level08_large
83f7a15ef0d9de2,ui_icon_rank_mp_level09_large
739fe69ac78bed0,ui_icon_rank_mp_level10_large
37f1e69a5b30a27,ui_icon_rank_mp_level11_large
56045549c281bea,ui_icon_rank_mp_level12_large
5acd1e753c89d01,ui_icon_rank_mp_level13_large
9214b8af4a61494,ui_icon_rank_mp_level14_large
8b7ec49bdf38f2b,ui_icon_rank_mp_level15_large
4c5add4e92d3fce,ui_icon_rank_mp_level16_large
4817cd97a430435,ui_icon_rank_mp_level17_large
dde4e5695a66618,ui_icon_rank_mp_level18_large
9f69e53facfa4cf,ui_icon_rank_mp_level19_large
b306a0af07acd2f,ui_icon_rank_mp_level20_large
74100ac1710bef8,ui_icon_rank_mp_level21_large
6433ec6be75da49,ui_icon_rank_mp_level22_large
26137670fa63b52,ui_icon_rank_mp_level23_large
c0a39fe239d8ef3,ui_icon_rank_mp_level24_large
f6efe71c284c11c,ui_icon_rank_mp_level25_large
de3795a2379c05d,ui_icon_rank_mp_level26_large
3a03cc809929d36,ui_icon_rank_mp_level27_large
65cd0c40f1c0e07,ui_icon_rank_mp_level28_large
9909fa352b98430,ui_icon_rank_mp_level29_large
267572998d9b886,ui_icon_rank_mp_level30_large
ce968d825cd46ad,ui_icon_rank_mp_level31_large
b6bbd22e3a7422c,ui_icon_rank_mp_level32_large
bf7ded20e557483,ui_icon_rank_mp_level33_large
7110f86185ac022,ui_icon_rank_mp_level34_large
d07ff8af9c2a759,ui_icon_rank_mp_level35_large
14829da86e61f08,ui_icon_rank_mp_level36_large
b38c89bbf9e4dff,ui_icon_rank_mp_level37_large
762094fca8ae7fe,ui_icon_rank_mp_level38_large
c0ce0524c6bde65,ui_icon_rank_mp_level39_large
cb10a209d4d012d,ui_icon_rank_mp_level40_large
22ef87210597306,ui_icon_rank_mp_level41_large
bbf801a85d52f03,ui_icon_rank_mp_level42_large
b335e6b5b26fcac,ui_icon_rank_mp_level43_large
ccfa0d3714261d9,ui_icon_rank_mp_level44_large
6d8b0ce8fda7aa2,ui_icon_rank_mp_level45_large
b0069e4371e087f,ui_icon_rank_mp_level46_large
10fcb22fe65d988,ui_icon_rank_mp_level47_large
bd4819ac3eb98e5,ui_icon_rank_mp_level48_large
729aa98420aa27e,ui_icon_rank_mp_level49_large
e7b50015fa1c6fc,ui_icon_rank_mp_level50_large
ec89c9417438e53,ui_icon_rank_mp_level51_large
2369702df7bad96,ui_icon_rank_mp_level52_large
8c9c28ea2dd3d3d,ui_icon_rank_mp_level53_large
b6749cb0ef078d8,ui_icon_rank_mp_level54_large
ae499c876fb2d8f,ui_icon_rank_mp_level55_large
fdd0928be356c21,ui_icon_zm_prestige_01
fdd0628be356708,ui_icon_zm_prestige_02
fdd0728be3568bb,ui_icon_zm_prestige_03
fdd0c28be35713a,ui_icon_zm_prestige_04
fdd0d28be3572ed,ui_icon_zm_prestige_05
fdd0a28be356dd4,ui_icon_zm_prestige_06
fdd0b28be356f87,ui_icon_zm_prestige_07
fdd0028be355cd6,ui_icon_zm_prestige_08
fdd0128be355e89,ui_icon_zm_prestige_09
fe08e28be3883f7,ui_icon_zm_prestige_10
aed56f57e9bd865,ui_icon_zm_prestige_01_large
9fe1f68c624f284,ui_icon_zm_prestige_02_large
e958055544d371b,ui_icon_zm_prestige_03_large
e1c1fdf7b8cd9a,ui_icon_zm_prestige_04_large
c254641e1344431,ui_icon_zm_prestige_05_large
8fcff700cbfc680,ui_icon_zm_prestige_06_large
ca121677b082f97,ui_icon_zm_prestige_07_large
147cdcccb09b286,ui_icon_zm_prestige_08_large
bc9df7b57fd40ad,ui_icon_zm_prestige_09_large
53d4767414c0807,ui_icon_zm_prestige_10_large
10661bb185e6b02,ui_icon_rank_zm_level01
10660bb185e694f,ui_icon_rank_zm_level02
1065fbb185e679c,ui_icon_rank_zm_level03
1065ebb185e65e9,ui_icon_rank_zm_level04
1065dbb185e6436,ui_icon_rank_zm_level05
1065cbb185e6283,ui_icon_rank_zm_level06
1065bbb185e60d0,ui_icon_rank_zm_level07
1066abb185e7a4d,ui_icon_rank_zm_level08
10669bb185e789a,ui_icon_rank_zm_level09
102dcbb185b532c,ui_icon_rank_zm_level10
102ddbb185b54df,ui_icon_rank_zm_level11
102debb185b5692,ui_icon_rank_zm_level12
102dfbb185b5845,ui_icon_rank_zm_level13
102d8bb185b4c60,ui_icon_rank_zm_level14
102d9bb185b4e13,ui_icon_rank_zm_level15
102dabb185b4fc6,ui_icon_rank_zm_level16
102dbbb185b5179,ui_icon_rank_zm_level17
102e4bb185b60c4,ui_icon_rank_zm_level18
102e5bb185b6277,ui_icon_rank_zm_level19
10ceebb1863c647,ui_icon_rank_zm_level20
10cedbb1863c494,ui_icon_rank_zm_level21
10cf0bb1863c9ad,ui_icon_rank_zm_level22
10cefbb1863c7fa,ui_icon_rank_zm_level23
10ceabb1863bf7b,ui_icon_rank_zm_level24
10ce9bb1863bdc8,ui_icon_rank_zm_level25
10cecbb1863c2e1,ui_icon_rank_zm_level26
10cebbb1863c12e,ui_icon_rank_zm_level27
10ce6bb1863b8af,ui_icon_rank_zm_level28
10ce5bb1863b6fc,ui_icon_rank_zm_level29
10968bb1860acbe,ui_icon_rank_zm_level30
10969bb1860ae71,ui_icon_rank_zm_level31
10966bb1860a958,ui_icon_rank_zm_level32
10967bb1860ab0b,ui_icon_rank_zm_level33
1096cbb1860b38a,ui_icon_rank_zm_level34
1096dbb1860b53d,ui_icon_rank_zm_level35
1096abb1860b024,ui_icon_rank_zm_level36
1096bbb1860b1d7,ui_icon_rank_zm_level37
10960bb18609f26,ui_icon_rank_zm_level38
10961bb1860a0d9,ui_icon_rank_zm_level39
f86abb18523cf1,ui_icon_rank_zm_level40
f869bb18523b3e,ui_icon_rank_zm_level41
f868bb1852398b,ui_icon_rank_zm_level42
f867bb185237d8,ui_icon_rank_zm_level43
f86ebb185243bd,ui_icon_rank_zm_level44
f86dbb1852420a,ui_icon_rank_zm_level45
f86cbb18524057,ui_icon_rank_zm_level46
f86bbb18523ea4,ui_icon_rank_zm_level47
f862bb18522f59,ui_icon_rank_zm_level48
f861bb18522da6,ui_icon_rank_zm_level49
f564bb184ffce8,ui_icon_rank_zm_level50
f565bb184ffe9b,ui_icon_rank_zm_level51
f566bb1850004e,ui_icon_rank_zm_level52
f567bb18500201,ui_icon_rank_zm_level53
f568bb185003b4,ui_icon_rank_zm_level54
f569bb18500567,ui_icon_rank_zm_level55
612387b090b36c2,ui_icon_rank_zm_level01_large
7f1c7135e02eb9f,ui_icon_rank_zm_level02_large
f3130a37306efa8,ui_icon_rank_zm_level03_large
85b4dd3e63345cd,ui_icon_rank_zm_level04_large
d66f13482114a6,ui_icon_rank_zm_level05_large
c15dd49af9b8823,ui_icon_rank_zm_level06_large
ea8bb959a0b81cc,ui_icon_rank_zm_level07_large
f65f88eb4d49fd1,ui_icon_rank_zm_level08_large
fea5223b1a9a43a,ui_icon_rank_zm_level09_large
d74c06c499b4378,ui_icon_rank_zm_level10_large
16429cb230551af,ui_icon_rank_zm_level11_large
894f7274230bfd2,ui_icon_rank_zm_level12_large
c76fe86f1005ec9,ui_icon_rank_zm_level13_large
5a2be31f50f459c,ui_icon_rank_zm_level14_large
23df9be56281373,ui_icon_rank_zm_level15_large
9d3fc883c1d21b6,ui_icon_rank_zm_level16_large
417391a560444dd,ui_icon_rank_zm_level17_large
fc45f63854408b0,ui_icon_rank_zm_level18_large
c90908441a69287,ui_icon_rank_zm_level19_large
444119fd607ea57,ui_icon_rank_zm_level20_large
9391a450eaafd40,ui_icon_rank_zm_level21_large
e638b8f47a809f1,ui_icon_rank_zm_level22_large
883b23652b6d55a,ui_icon_rank_zm_level23_large
3e992b9b0f7bbdb,ui_icon_rank_zm_level24_large
833a1e708d5d44,ui_icon_rank_zm_level25_large
b4a3ed7a6c22b25,ui_icon_rank_zm_level26_large
ca7cd9b80e9e3be,ui_icon_rank_zm_level27_large
a555a13f3b97ebf,ui_icon_rank_zm_level28_large
14590bafc12cbc8,ui_icon_rank_zm_level29_large
b31cc4ca43809ce,ui_icon_rank_zm_level30_large
aed9b51354dce35,ui_icon_rank_zm_level31_large
f8d6a02afb0de94,ui_icon_rank_zm_level32_large
f240ac178fe592b,ui_icon_rank_zm_level33_large
bcc63cc5732e5ea,ui_icon_rank_zm_level34_large
c18f05f0ed36701,ui_icon_rank_zm_level35_large
da61ce1678388d0,ui_icon_rank_zm_level36_large
9eb3ce160bdd427,ui_icon_rank_zm_level37_large
b1aba06213e17d6,ui_icon_rank_zm_level38_large
b48b2a3f2d7bb7d,ui_icon_rank_zm_level39_large
ab53c99accd88b5,ui_icon_rank_zm_level40_large
af96d951bb7c44e,ui_icon_rank_zm_level41_large
eebac09f07e13ab,ui_icon_rank_zm_level42_large
f550b4b27309914,ui_icon_rank_zm_level43_large
be091a786532181,ui_icon_rank_zm_level44_large
b940514ceb2a06a,ui_icon_rank_zm_level45_large
9b2de29d83d8ea7,ui_icon_rank_zm_level46_large
d6dbe29df034350,ui_icon_rank_zm_level47_large
b1053ec6a5775fd,ui_icon_rank_zm_level48_large
ae25b4e98bdd256,ui_icon_rank_zm_level49_large
2f02f09c8f5d624,ui_icon_rank_zm_level50_large
19cd3ea9f6b9a3b,ui_icon_rank_zm_level51_large
3e2a90fe06f401e,ui_icon_rank_zm_level52_large
278800d7d34b485,ui_icon_rank_zm_level53_large
bba41ff043bbf20,ui_icon_rank_zm_level54_large
40395eb3975737,ui_icon_rank_zm_level55_large
a79f5423a855f63,loot03_ui_icon_loot_character_outrider
16a988716810de1,loot03_ui_icon_outfit_global_warpaint_tattoo_ruin
3c2bcdf14e59d0b,ui_icon_emotes_show_me_the_money
984eda72b726972,loot03_ui_icon_blackmarket_item_shop_wingsuit_valentine
c7b5630e526853d,loot_ui_icon_stickers_bankrobbery_01
efcb4490446bfcc,loot_ui_icon_callingcards_bankrobbery_01
b48a4087c409406,loot_ui_icon_stickers_crimelife_01
efcb7490446c4e5,loot_ui_icon_callingcards_bankrobbery_02
e8c78e73bf30c83,loot03_ui_icon_outfit_benjamins_legendary1_outrider
c7b5330e5268024,loot_ui_icon_stickers_bankrobbery_02
b48a3087c409253,loot_ui_icon_stickers_crimelife_02
efcb6490446c332,loot_ui_icon_callingcards_bankrobbery_03
c7b5430e52681d7,loot_ui_icon_stickers_bankrobbery_03
b6c81adf34e7676,loot03_ui_icon_outfit_warrior_epic1_robber_seraph
b48a2087c4090a0,loot_ui_icon_stickers_crimelife_03
c7b5130e5267cbe,loot_ui_icon_stickers_bankrobbery_04
efcb1490446bab3,loot_ui_icon_callingcards_bankrobbery_04
b48a9087c409c85,loot_ui_icon_stickers_crimelife_04
a7ecf6ab1c3d468,loot_03_ui_icon_blackmarket_stream_camo_apb
efcb0490446b900,loot_ui_icon_callingcards_bankrobbery_05
c7b5230e5267e71,loot_ui_icon_stickers_bankrobbery_05
b48a8087c409ad2,loot_ui_icon_stickers_crimelife_05
efcb3490446be19,loot_ui_icon_callingcards_bankrobbery_06
5f264a2d9b4763b,loot_ui_icon_callingcards_heavymetal_01
3791babb1a0ff8c,loot_ui_icon_stickers_heavymetal_01
b4306859ad0fe8,ui_icon_emotes_s3_police_megaphone
5f265a2d9b477ee,loot_ui_icon_callingcards_heavymetal_02
13509ada27fce67,loot03_ui_icon_outfit_benjamins_legendary1_prophet
f8a8cb4fbbc9a12,loot_ui_icon_stickers_zsquad_01
3791eabb1a104a5,loot_ui_icon_stickers_heavymetal_02
ce2a2c5010c23fa,loot03_ui_icon_outfit_panther_rare3_recon
f8a8bb4fbbc985f,loot_ui_icon_stickers_zsquad_02
3c132ee21a5675d,loot_03_ui_icon_blackmarket_stream_camo_full_suite
3791dabb1a102f2,loot_ui_icon_stickers_heavymetal_03
f8a8ab4fbbc96ac,loot_ui_icon_stickers_zsquad_03
5f266a2d9b479a1,loot_ui_icon_callingcards_heavymetal_03
37918abb1a0fa73,loot_ui_icon_stickers_heavymetal_04
c173081e7e8ec25,loot03_ui_icon_outfit_warrior_epic2_cop_firebreak
f8a89b4fbbc94f9,loot_ui_icon_stickers_zsquad_04
5f267a2d9b47b54,loot_ui_icon_callingcards_heavymetal_04
37917abb1a0f8c0,loot_ui_icon_stickers_heavymetal_05
f8a88b4fbbc9346,loot_ui_icon_stickers_zsquad_05
d583b630ce1bb63,loot_03_ui_icon_blackmarket_stream_brutus
5f268a2d9b47d07,loot_ui_icon_callingcards_heavymetal_05
1bfef422cc458f9,loot03_ui_icon_outfit_benjamins_legendary1_zero
a0d57a65e39f28,ui_icon_emotes_s3_guitar_playing
5f269a2d9b47eba,loot_ui_icon_callingcards_heavymetal_06
879a691c42399d,loot03_ui_icon_outfit_global_warpaint_diamonds_ruin
dcc62bc7edbed5f,loot03_ui_icon_outfit_global_warpaint_clubs_ruin
a63b4ece1813dbd,loot03_ui_icon_outfit_global_warpaint_hearts_ruin
6eba323217b18c4,loot_ui_icon_callingcards_alienvegas_01
6574dd4933886,loot03_ui_icon_outfit_benjamins_legendary1_firebreak
3a951ad598ac874,loot_ui_icon_stickers_vegas_01
6eba623217b1ddd,loot_ui_icon_callingcards_alienvegas_02
1c5a0a158a9fa7e,loot_ui_icon_stickers_aliens_01
3a954ad598acd8d,loot_ui_icon_stickers_vegas_02
e4bc5b4c53790e0,loot_03_ui_icon_blackmarket_stream_camo_retro_vegas
6eba523217b1c2a,loot_ui_icon_callingcards_alienvegas_03
1c59fa158a9f8cb,loot_ui_icon_stickers_aliens_02
6eba023217b13ab,loot_ui_icon_callingcards_alienvegas_04
3a953ad598acbda,loot_ui_icon_stickers_vegas_03
38a10006827a541,loot03_ui_icon_outfit_benjamins_legendary1_ruin
1c59ea158a9f718,loot_ui_icon_stickers_aliens_03
3a94ead598ac35b,loot_ui_icon_stickers_vegas_04
6eba123217b155e,loot_ui_icon_callingcards_alienvegas_07
1c5a5a158aa02fd,loot_ui_icon_stickers_aliens_04
79c652ca122ca79,loot03_ui_icon_outfit_warrior_epic2_cop_nomad
8699bad948ee3a1,ui_icon_emotes_s3_police_badge
3a94dad598ac1a8,loot_ui_icon_stickers_vegas_05
6eba223217b1711,loot_ui_icon_callingcards_alienvegas_06
1c5a4a158aa014a,loot_ui_icon_stickers_aliens_05
1cca36c706f562a,loot_03_ui_icon_blackmarket_stream_sig_tr_semiauto
f7c5afc4127a46e,loot_ui_icon_stickers_dystopian1_01
8b11b158878cae1,loot_ui_icon_stickers_dystopian2_01
e5df6a91d3d8ff5,loot_ui_icon_callingcards_dystopian1_01
24b4f0ded0f070c,loot_ui_icon_stickers_dystopian3_01
56cf7ee6f460b61,loot03_ui_icon_outfit_warrior_epic1_robber_ruin
f7c59fc4127a2bb,loot_ui_icon_stickers_dystopian1_02
e5df3a91d3d8adc,loot_ui_icon_callingcards_dystopian1_02
8b118158878c5c8,loot_ui_icon_stickers_dystopian2_02
24b520ded0f0c25,loot_ui_icon_stickers_dystopian3_02
bc63434098cb732,loot03_ui_icon_outfit_benjamins_legendary1_recon
f7c58fc4127a108,loot_ui_icon_stickers_dystopian1_03
e5df4a91d3d8c8f,loot_ui_icon_callingcards_dystopian1_03
8b119158878c77b,loot_ui_icon_stickers_dystopian2_03
24b510ded0f0a72,loot_ui_icon_stickers_dystopian3_03
8784493976d6f51,loot03_ui_icon_outfit_panther_rare1_outrider
f7c5ffc4127aced,loot_ui_icon_stickers_dystopian1_04
e5df1a91d3d8776,loot_ui_icon_callingcards_dystopian1_04
8b11e158878cffa,loot_ui_icon_stickers_dystopian2_04
24b4c0ded0f01f3,loot_ui_icon_stickers_dystopian3_04
e5df2a91d3d8929,loot_ui_icon_callingcards_dystopian1_05
f7c5efc4127ab3a,loot_ui_icon_stickers_dystopian1_05
8b11f158878d1ad,loot_ui_icon_stickers_dystopian2_05
e5defa91d3d8410,loot_ui_icon_callingcards_dystopian1_06
24b4b0ded0f0040,loot_ui_icon_stickers_dystopian3_05
1652d11f0ec2011,loot_03_ui_icon_blackmarket_reserves_hudson_hawaiian
e9217feb59af0d6,loot03_ui_icon_blackmarket_reserves_weapon_smg_fastburst_mk2
b4516a4369fdc3d,loot_03_ui_icon_blackmarket_reserves_zombie_male
2cfd1d4ddb6fd60,loot_03_ui_icon_blackmarket_reserves_zombie_female
5e33e4a5ac86a76,loot03_ui_icon_blackmarket_reserves_weapon_ar_modular_sig_02
fbb0637302347f0,reflex_0
fbb0737302349a3,reflex_1
fbb083730234b56,reflex_2
fbb093730234d09,reflex_3
fbb0a3730234ebc,reflex_4
fbb0b373023506f,reflex_5
fbb0c3730235222,reflex_6
fbb0d37302353d5,reflex_7
fbb0e3730235588,reflex_8
fbb0f373023573b,reflex_9
e16d5c6cbf604c9,reflex_10
e16d4c6cbf60316,reflex_11
e16d3c6cbf60163,reflex_12
e16d2c6cbf5ffb0,reflex_13
e16d9c6cbf60b95,reflex_14
e16d8c6cbf609e2,reflex_15
e16d7c6cbf6082f,reflex_16
e16d6c6cbf6067c,reflex_17
e16ddc6cbf61261,reflex_18
e16dcc6cbf610ae,reflex_19
e1a5bc6cbf91e52,reflex_20
e1a5cc6cbf92005,reflex_21
e1a59c6cbf91aec,reflex_22
e1a5ac6cbf91c9f,reflex_23
e1a57c6cbf91786,reflex_24
e1a58c6cbf91939,reflex_25
e1a55c6cbf91420,reflex_26
e1a56c6cbf915d3,reflex_27
e1a63c6cbf92bea,reflex_28
e1a64c6cbf92d9d,reflex_29
e1de1c6cbfc37db,reflex_30
e1de0c6cbfc3628,reflex_31
e1de3c6cbfc3b41,reflex_32
e1de2c6cbfc398e,reflex_33
e1de5c6cbfc3ea7,reflex_34
e1de4c6cbfc3cf4,reflex_35
e1de7c6cbfc420d,reflex_36
e1de6c6cbfc405a,reflex_37
e1dd9c6cbfc2a43,reflex_38
e1dd8c6cbfc2890,reflex_39
e20e7c6cbfe77e4,reflex_40
e20e8c6cbfe7997,reflex_41
e20e9c6cbfe7b4a,reflex_42
e20eac6cbfe7cfd,reflex_43
e20e3c6cbfe7118,reflex_44
e20e4c6cbfe72cb,reflex_45
e20e5c6cbfe747e,reflex_46
e20e6c6cbfe7631,reflex_47
e20dfc6cbfe6a4c,reflex_48
e20e0c6cbfe6bff,reflex_49
e246dc6cc01916d,reflex_50
1403072e373a6bd,loot_04_ui_icon_blackmarket_stream_spectre
8fc634307e75337,ui_icon_reticles_elo_26
17b5c4a82fcc1de,loot04_ui_icon_outfit_global_warpaint_s4_creature_ruin
29d53d1d53dfdfd,ui_icon_emotes_s3_was_i_shot
68a8c87c377913e,loot04_ui_icon_blackmarket_item_shop_wingsuit_preview_kraken
fc696a6882a26ac,loot_ui_icon_stickers_monsters1_01
5926d02b6179513,loot_ui_icon_callingcards_fairytales_01
3bf8ea026c01463,loot_ui_icon_stickers_monsters2_01
5926e02b61796c6,loot_ui_icon_callingcards_fairytales_02
4098b9ebe077ba6,loot04_ui_icon_outfit_assassin_legendary1_outrider
fc699a6882a2bc5,loot_ui_icon_stickers_monsters1_02
3bf8fa026c01616,loot_ui_icon_stickers_monsters2_02
5926f02b6179879,loot_ui_icon_callingcards_fairytales_03
fc698a6882a2a12,loot_ui_icon_stickers_monsters1_03
5d2ffa673572623,loot04_ui_icon_outfit_warrior_epic1_wetworks_seraph
3bf90a026c017c9,loot_ui_icon_stickers_monsters2_03
fc693a6882a2193,loot_ui_icon_stickers_monsters1_04
5927002b6179a2c,loot_ui_icon_callingcards_fairytales_04
3bf91a026c0197c,loot_ui_icon_stickers_monsters2_04
37d5dfe2ea0eaf4,ui_icon_emotes_matrixdodge
5927102b6179bdf,loot_ui_icon_callingcards_fairytales_05
fc692a6882a1fe0,loot_ui_icon_stickers_monsters1_05
3bf92a026c01b2f,loot_ui_icon_stickers_monsters2_05
5927202b6179d92,loot_ui_icon_callingcards_fairytales_06
ca1fb4a86b1722e,loot_04_ui_icon_blackmarket_stream_melee_club
3b57a0bb3e64291,loot_ui_icon_stickers_wetworks1_01
f061f48384d602b,loot_ui_icon_callingcards_wetworks_01
a80b9f26c951c1e,loot_ui_icon_stickers_wetworks2_01
73e59dee27232a4,loot04_ui_icon_outfit_global_warpaint_s4_crackedmask_ruin
e557e1fd97dcfd1,loot04_ui_icon_outfit_assassin_legendary1_crash
3b5770bb3e63d78,loot_ui_icon_stickers_wetworks1_02
f062048384d61de,loot_ui_icon_callingcards_wetworks_02
a80b8f26c951a6b,loot_ui_icon_stickers_wetworks2_02
54b16614e7398b7,ui_icon_emotes_head_shot
db01825919b7590,ui_icon_reticles_holo_25
3b5780bb3e63f2b,loot_ui_icon_stickers_wetworks1_03
a80b7f26c9518b8,loot_ui_icon_stickers_wetworks2_03
f062148384d6391,loot_ui_icon_callingcards_wetworks_03
3b57d0bb3e647aa,loot_ui_icon_stickers_wetworks1_04
4af19366733fd20,loot04_ui_icon_outfit_warrior_epic1_wetworks_ajax
a80bef26c95249d,loot_ui_icon_stickers_wetworks2_04
f062248384d6544,loot_ui_icon_callingcards_wetworks_04
3b57e0bb3e6495d,loot_ui_icon_stickers_wetworks1_05
f062348384d66f7,loot_ui_icon_callingcards_wetworks_05
bafa20fadf3ecef,loot04_ui_icon_outfit_assassin_legendary1_seraph
a80bdf26c9522ea,loot_ui_icon_stickers_wetworks2_05
fcd6a0370f1d61e,ui_icon_emotes_jokersgun
f062448384d68aa,loot_ui_icon_callingcards_wetworks_06
6ee773b6505e80e,loot04_ui_icon_outfit_topography_rare2_ruin
4c8b2997a3c4669,loot_04_ui_icon_blackmarket_stream_lmg_stealth
8b340313eb0eda6,loot04_ui_icon_blackmarket_reserves_weapon_ar_stealth_mk2
397ed83a929feff,loot04_ui_icon_blackmarket_reserves_death_fx_confetti
ecf9efa1cd6ef24,loot04_ui_icon_blackmarket_reserves_weapon_shotgun_fullauto_mk2
8d0a28251eae5ed,ui_icon_weapon_charms_oni_mask
deb71fa113ec973,loot04_ui_icon_blackmarket_itemshop_bundle_venom
3db4fad2661fa0e,elo_0
3db50ad2661fbc1,elo_1
3db4dad2661f6a8,elo_2
3db4ead2661f85b,elo_3
3db53ad266200da,elo_4
3db54ad2662028d,elo_5
3db51ad2661fd74,elo_6
3db52ad2661ff27,elo_7
3db47ad2661ec76,elo_8
3db48ad2661ee29,elo_9
fa60738387f1a83,elo_10
fa60638387f18d0,elo_11
fa60938387f1de9,elo_12
fa60838387f1c36,elo_13
fa60b38387f214f,elo_14
fa60a38387f1f9c,elo_15
fa60d38387f24b5,elo_16
fa60c38387f2302,elo_17
fa60f38387f281b,elo_18
fa60e38387f2668,elo_19
f9b953838760448,elo_20
f9b9638387605fb,elo_21
f9b9738387607ae,elo_22
f9b983838760961,elo_23
f9b993838760b14,elo_24
7d3beb54400bd86,holo_0
7d3bfb54400bf39,holo_1
7d3bcb54400ba20,holo_2
7d3bdb54400bbd3,holo_3
7d3c2b54400c452,holo_4
7d3c3b54400c605,holo_5
7d3c0b54400c0ec,holo_6
7d3c1b54400c29f,holo_7
7d3c6b54400cb1e,holo_8
7d3c7b54400ccd1,holo_9
d8dca028d449c4b,holo_10
d8dc9028d449a98,holo_11
d8dcc028d449fb1,holo_12
d8dcb028d449dfe,holo_13
d8dce028d44a317,holo_14
d8dcd028d44a164,holo_15
d8dd0028d44a67d,holo_16
d8dcf028d44a4ca,holo_17
d8dc2028d448eb3,holo_18
d8dc1028d448d00,holo_19
d83b8028d3c2930,holo_20
d83b9028d3c2ae3,holo_21
d83ba028d3c2c96,holo_22
d83bb028d3c2e49,holo_23
d83bc028d3c2ffc,holo_24
e081159e9e6bd64,cp_icon_gadget_disruptor_large
71845d2a6c49ea8,ui_icon_attachment_2roundburst
d9e381722fec518,ui_icon_attachment_adsreloader
2b58baab55182fa,ui_icon_attachment_advancedmags
fa54b68cc1f26fc,ui_icon_attachment_arfastfire_opmod_barrel
e9bc185aa2df8f0,ui_icon_attachment_bayonet
19d29a49cd52d89,ui_icon_attachment_burstcount
68fb50538b71f56,ui_icon_attachment_burstfire
6264d3601836c7,ui_icon_attachment_dualoptic
90eee777ce07a3d,ui_icon_attachment_extendedmags
4d94409316f677d,ui_icon_attachment_extendedmags2
14af02db08848be,ui_icon_attachment_fastmags
a9ea9a2f79345e4,ui_icon_attachment_fastmags2
f1214a621fb58d6,ui_icon_attachment_float_dot
25851700209bc71,ui_icon_attachment_fmj
5cea453768ae5d9,ui_icon_attachment_fmj2
fea5b59970fd3b8,ui_icon_attachment_grip
b0cc33bafe4737e,ui_icon_attachment_grip2
feeb72e9370d554,ui_icon_attachment_hades_opmod_sentry_grip
2b70cca333fbfc4,ui_icon_attachment_highcaliber
ccab19515532f02,ui_icon_attachment_highcaliber2
6f32da6de7a20a8,ui_icon_attachment_holo
d2e23bb6ef88d35,ui_icon_attachment_iron_sights
8974283bfd375df,ui_icon_attachment_laser
c7bf2def45161b7,ui_icon_attachment_laser2
f2097815f7d9be7,ui_icon_attachment_lmg_heavy_opmod_fat_barrel
ffcd36894037a86,ui_icon_attachment_lmg_stealth_opmod_burst_rush
12afed74df0c6ea,ui_icon_attachment_longbarrel
cd5dfd97021e108,ui_icon_attachment_longbarrel2
fb2777024fe1303,ui_icon_attachment_mms
52b907e1c78f6d9,ui_icon_attachment_quickdraw
1fd714a618b9151,ui_icon_attachment_quickdraw2
569d7f13ce4a7ea,ui_icon_attachment_rapidfire
ef26fbc6045309b,ui_icon_attachment_recon
1da9cff81d30682,ui_icon_attachment_reflex
675ef542703500d,ui_icon_attachment_saug_opmod_dual_wield
cd91df25b646a5b,ui_icon_attachment_smg_accurate_opmod_wildfire
14e9c2c39dc509a,ui_icon_attachment_smg_fastburst_recon
e6d0b8224075130,ui_icon_attachment_smgcapacity_opmod_beltfed
9a624c1be68ad8e,ui_icon_attachment_sniper_quickrechamber_opmod
fe46fd253a7662a,ui_icon_attachment_sniperkoshka_opmod_loader
d340684b88f4740,ui_icon_attachment_stablizer
fab7a502b3d526a,ui_icon_attachment_stock
db32e397932eb88,ui_icon_attachment_stock2
618c6ac878c183,ui_icon_attachment_suppressivebarrel
e782c6128e2eebe,ui_icon_attachment_supressor
56979b2efa2154b,ui_icon_attachment_thermal
cd527b1d9076a83,ui_icon_attachment_tr_flechette_opmod_impact_blast
a6e670bb8e99bf,ui_icon_attachment_tr_midburst_opmod_burstaccelerator
8356221d3f9544d,ui_icon_attachment_launcher_standard_fastlockon
5bd648b075a357a,ui_icon_equipment_concussion_grenade
3fef5f0d3146a2c,ui_icon_equipment_eq_cluster_semtex_grenade
22564848006b9d8,ui_icon_equipment_eq_molotov
817ab88f80ee5ae,ui_icon_equipment_hatchet
f9b20a00ceec880,ui_icon_equipment_menu_frag_grenade
576e184c81d2b67,ui_icon_equipment_trophy_system
1c5739f0a11ab73,ui_icon_gear_c_t8_spe_gear_awareness
54631d97abbb16,ui_icon_gear_c_t8_spe_gear_equipment
fd27827549b37b8,ui_icon_gear_c_t8_spe_gear_medic
f8a657ac092db8e,ui_icon_gear_c_t8_spe_gear_scorestreak
dd17c2a2395a6c3,ui_icon_gear_p8_mp_spe_armor_medium
61b87766d69b04a,ui_icon_gear_specialist_eq
8e367515ba7d0a9,ui_icon_icons_weapons_ra01
8e364515ba7cb90,ui_icon_icons_weapons_ra02
8e365515ba7cd43,ui_icon_icons_weapons_ra03
f9d60bd1e11a5ef,ui_icon_inventory_cymbal_monkey
7d967d141ce1094,ui_icon_inventory_p7_fir_ball_sports_basketball
4c68645bb4f1bc5,ui_icon_inventory_p7_fir_ball_sports_basketball_xl
110ab72190cd862,ui_icon_perk_coldblooded
885c2cadaf415e2,ui_icon_perk_coldblooded_large
d1ceac7fa8ecbc8,ui_icon_perk_deadsilence
d46ef6846f77b44,ui_icon_perk_deadsilence_large
7b71d7efcc7b311,ui_icon_perk_dexterity
6fc56474d559e15,ui_icon_perk_dexterity_large
e2b253dd7d6c6fa,ui_icon_perk_engineer
7063bbaf38b9c5a,ui_icon_perk_engineer_large
29fcb303fce666b,ui_icon_perk_flakjacket
2f63c097071fb4b,ui_icon_perk_flakjacket_large
b5cc9c91a014d11,ui_icon_perk_gungho
a5cf02e5644e815,ui_icon_perk_gungho_large
62b1df70e8c2e6d,ui_icon_perk_lightweight
64f2290dd0903b1,ui_icon_perk_lightweight_large
a0eece38bc5377e,ui_icon_perk_resistance
35ac9c2962d778e,ui_icon_perk_resistance_large
929fe43f2c5ca82,ui_icon_perk_reveal
e97e19a056c7a42,ui_icon_perk_reveal_large
d24de626a2b19a9,ui_icon_perk_scavenger
296d845fd4b88d,ui_icon_perk_scavenger_large
ed98bc6084778a6,ui_icon_perk_skulker
e2fcfb0595d8556,ui_icon_perk_skulker_large
a857a3c1231afce,ui_icon_perk_stealth
37035fbc8ec539e,ui_icon_perk_stealth_large
c4eeed45e4d9876,ui_icon_perk_teamlink
96847cf8c2da4e6,ui_icon_perk_teamlink_large
1e1afe2ebc17859,ui_icon_perk_tracker
c2ba3ab4994b6fd,ui_icon_perk_tracker_large
c34f13c2672fd4a,ui_icon_skill_ability_recharge
5fb9ffc078d5aa1,ui_icon_skill_boost_health1
5fb9cfc078d5588,ui_icon_skill_boost_health2
693df9d3bc2a417,ui_icon_skill_cooldown_alarm
43043c227648920,ui_icon_skill_equip_recharge
92092a2923bdf8b,ui_icon_skill_fast_hands
be39868a8f7fe73,ui_icon_skill_regeneration
7fcfef5779e2aaa,ui_icon_skill_super_health
80c4a651f4038a4,ui_icon_weapon_ar_accurate_render
1e41ea5b7da7d02,ui_icon_weapon_ar_accurate_sig_01_render
61d469dc5c0f0d2,ui_icon_weapon_ar_damage_mk2_render
4de82857186ee91,ui_icon_weapon_ar_damage_render
e8b6e8da680eab7,ui_icon_weapon_ar_fastfire
cf7ee6151c39c06,ui_icon_weapon_ar_fastfire_sig_01_render
1c54afda86160f9,ui_icon_weapon_ar_fastfire_view
2dafadff3f58474,ui_icon_weapon_ar_heavy
e4b6059002906e9,ui_icon_weapon_ar_heavy_render
e0e3788465611ff,ui_icon_weapon_ar_modular_view
33247b6cee36934,ui_icon_weapon_ar_peacekeeper_render
c4efe0dfd402aca,ui_icon_weapon_ar_standard_mk2_render
211909da4a24299,ui_icon_weapon_ar_standard_render
324c8f0b63d7cb5,ui_icon_weapon_ar_standard_xl
d57abdac9c6e940,ui_icon_weapon_ar_stealth
4bef6c259f7ecf6,ui_icon_weapon_ar_stealth_mk2_render
692455b56e1a165,ui_icon_weapon_ar_stealth_render
70f6573f9b382dd,ui_icon_weapon_combat_knife
9577163a2a64ce0,ui_icon_weapon_hud_ar_galil
11fcd3894e8d854,ui_icon_weapon_hud_fists
79b4321012ed9b3,ui_icon_weapon_hud_launcher_standard
bd71bbccc2d69c6,ui_icon_weapon_launcher_standard_render
ba7cf667702aebc,ui_icon_weapon_lmg_double_render
eaa1d9d7c64ac7d,ui_icon_weapon_lmg_heavy
7a898ca62b95657,ui_icon_weapon_lmg_spray
b638f869d5ea4f8,ui_icon_weapon_lmg_standard_render
b2e5ecf2d69df26,ui_icon_weapon_lmg_standard_sig_01_render
3156ac3c5638d52,ui_icon_weapon_lmg_stealth_render
d0cb91a18bf12ef,ui_icon_weapon_melee_bowie_bloody_render
2e0bc095341a5ef,ui_icon_weapon_melee_bowie_bloody_xl
cad61c6ff46ee39,ui_icon_weapon_melee_bowie_render
cee76fa82ab3255,ui_icon_weapon_melee_bowie_xl
95c5cac816dde1b,ui_icon_weapon_melee_club_render
3831944cc412020,ui_icon_weapon_melee_coinbag_render
9b023696ff08014,ui_icon_weapon_melee_cutlass_render
648c58666df31f4,ui_icon_weapon_melee_demohammer_render
ce961ed13721f58,ui_icon_weapon_melee_demohammer_xl
5a4f6d6688602e4,ui_icon_weapon_melee_secretsanta_render
5354a7e74f93968,ui_icon_weapon_melee_secretsanta_xl
e552f1d09a5b62b,ui_icon_weapon_melee_slaybell_render
1aafcc84f0c78d3,ui_icon_weapon_melee_slaybell_xl
d2aaf8a96641231,ui_icon_weapon_melee_spknifeork_render
489c055bada71c2,ui_icon_weapon_melee_spork_render
62f9dbe53561dc5,ui_icon_weapon_pistol_burst
8fd8b93a497d1c0,ui_icon_weapon_pistol_fullauto_render
3cfa724b17f645c,ui_icon_weapon_pistol_fullauto_xl
a3bed85dee571ab,ui_icon_weapon_pistol_revolver_render
70ac8caa93d9654,ui_icon_weapon_pistol_standard
de5323436a5e489,ui_icon_weapon_pistol_standard_render
93c0295246f5032,ui_icon_weapon_ray_gun_mk2_render
121f311168583b1,ui_icon_weapon_ray_gun_render
a70f9e85000c737,ui_icon_weapon_shotgun_fullauto_render
3dd985f05a17ec7,ui_icon_weapon_shotgun_fullauto_xl
c3eefbd80aeffa,ui_icon_weapon_shotgun_pump
6d816ecd67694f3,ui_icon_weapon_shotgun_pump_render
5fd9d934328654e,ui_icon_weapon_shotgun_semiauto_render
5d4cb4c346935ce,ui_icon_weapon_smg_accurate_sig_01_render
cb93cab3d434a41,ui_icon_weapon_smg_accurate_view
a6422f87f0afe65,ui_icon_weapon_smg_capacity_mk2_render
ca5a02615e9b956,ui_icon_weapon_smg_capacity_render
e05c7656ca43e47,ui_icon_weapon_smg_fastburst_mk2_render
6fa319e4a79c85c,ui_icon_weapon_smg_fastburst_render
cf9e20589f9a550,ui_icon_weapon_smg_fastburst_xl
1099ab9318cb3b7,ui_icon_weapon_smg_fastfire_mk2_render
13b899c227af7cc,ui_icon_weapon_smg_fastfire_render
c1f54341d755fbc,ui_icon_weapon_smg_folding_mk2_render
9a87bdffad4486f,ui_icon_weapon_smg_folding_render
d5e1a4e8db4436f,ui_icon_weapon_smg_folding_xl
2eaca6fc00f3039,ui_icon_weapon_smg_handling_render
ee46d8c5e2fb36c,ui_icon_weapon_smg_mp40
f8e59611185278,ui_icon_weapon_smg_standard
791db6a5b7b77ad,ui_icon_weapon_smg_standard_render
9ec7c6bbeffcad1,ui_icon_weapon_smg_standard_sig_01_render
66a177df993f4e8,ui_icon_weapon_sniper_fastrechamber
bfa0dd22a8cc128,ui_icon_weapon_sniper_mini14_render
5b8b2e8d5ba6ab4,ui_icon_weapon_sniper_mini14_xl
4a4bba40befd5a6,ui_icon_weapon_sniper_powerbolt_render
6f44abbf8e88928,ui_icon_weapon_sniper_powersemi
6fd63c295eb72a6,ui_icon_weapon_sniper_quickscope_mk2_render
7861adb5dca0115,ui_icon_weapon_sniper_quickscope_render
399f2cc97964c09,ui_icon_weapon_special_ballistic_knife_render
7e3690ce030bb05,ui_icon_weapon_special_ballistic_knife_xl
3f57b027e57366f,ui_icon_weapon_tr_flechette_render
3668f49ba45251c,ui_icon_weapon_tr_leveraction
63ae9746127edfc,ui_icon_weapon_tr_longburst_mk2_render
e69a695bc74dc2f,ui_icon_weapon_tr_longburst_render
65be032f8228cab,ui_icon_weapon_tr_midburst_render
9da02d304905b5e,ui_icon_weapon_tr_powersemi_render
20c4e98aad6b19a,ui_icon_weapons_zm_blundergat
1a3ab02326989c0,ui_icon_weapons_zm_bowie
637f1e47fbf5618,ui_icon_wildcard_gluttony01
81cd29f7f0a2f54,ui_icon_wildcard_gluttony01_large
637f4e47fbf5b31,ui_icon_wildcard_gluttony02
498d970b53b08f5,ui_icon_wildcard_gluttony02_large
637f3e47fbf597e,ui_icon_wildcard_gluttony03
5cef9a0612b098e,ui_icon_wildcard_gluttony03_large
bfd477b4c071081,ui_icon_wildcard_greed01
c83f699bcadef05,ui_icon_wildcard_greed01_large
bfd447b4c070b68,ui_icon_wildcard_greed02
cfba596086f10a4,ui_icon_wildcard_greed02_large
bfd457b4c070d1b,ui_icon_wildcard_greed03
ba84a76dee4d4bb,ui_icon_wildcard_greed03_large
3d24abddf78b23,ui_icon_wildcard_overkill
c92676b3e21e83,ui_icon_wildcard_overkill_large
2479bac4d218345,ui_icon_wildcard_primarygunfighter01
38ff06a7161f1c9,ui_icon_wildcard_primarygunfighter01_large
24798ac4d217e2c,ui_icon_wildcard_primarygunfighter02
48db24fc9fcd678,ui_icon_wildcard_primarygunfighter02_large
24799ac4d217fdf,ui_icon_wildcard_primarygunfighter03
87d1baea366e4af,ui_icon_wildcard_primarygunfighter03_large
d91087d59658f47,ui_icon_wildcard_primaryopperatormod
a8527eae9e3ab57,ui_icon_wildcard_primaryopperatormod_large
b10bf3de5a7cd65,ui_icon_wildcard_secondarygunfighter01
3aba7cec8bfd1a9,ui_icon_wildcard_secondarygunfighter01_large
b10bc3de5a7c84c,ui_icon_wildcard_secondarygunfighter02
611503d259470d8,ui_icon_wildcard_secondarygunfighter02_large
b10bd3de5a7c9ff,ui_icon_wildcard_secondarygunfighter03
58ea03a8d9f258f,ui_icon_wildcard_secondarygunfighter03_large
e94d78a2cceb0e7,ui_icon_wildcard_secondaryopperatormod
654e5592ff086b7,ui_icon_wildcard_secondaryopperatormod_large
511f01d2a9bb9f5,ui_icon_wildcard_underkill
99e6bf251546b9,ui_icon_wildcard_underkill_large
2dc081e8ba8b991,uie_ui_icon_gear_specialist_eq_sm
a8420b80f4e6594,ui_icon_gear_c_t8_mp_spe_buffer_thrusters1
278d98d6bcb84fb,ui_icon_equipment_alarm_loadout
e6e106804a00a4,ui_icon_equipment_claymore_loadout
caea2a06ec2634e,ui_icon_equipment_eq_swat_grenade_default
6b7b7e9076d6e82,icons_equipment_dot
cc1294548b76186,ui_icon_equipment_emp_grenade
60dddffebb9984d,ui_icon_equipment_eq_grapple
dca2af8ccdfa6cc,ui_icon_eq_gravityslam_mp
71bb27d2373ed2d,ui_icon_equipment_drone_hawk
44d4b5c87b9285,ui_icon_equipment_eq_seeker_mine
d2b1cb53f3b5552,ui_icon_scorestreaks_drone_recon
1b51bebd7c32864,ui_icon_equipment_eq_sensor
fcb9d6697dc3324,ui_icon_equipment_eq_tripwire
ceaf0b0360b72b9,ui_icon_inventory_wraith_fire
59c007ba0041096,ui_icon_hero_ice_pick
5b0087dcc755cd8,ui_icon_equipment_gadget_radiation_field
df25a115b8c3300,ui_icon_gadget_smart_cover_mp
a7c25afa58937a7,ui_icon_equipment_gadget_spawnbeacon
df5b13137ce518a,ui_icon_scorestreaks_turret
e35c0898fee6f7a,ui_icon_weapon_snowball_xl
b9b3962ec2c33d2,ui_icon_weapon_snowball_render
22ed03e9124af29,ui_icon_equipment_smoke_grenade
31c5fe1b551f3d9,t7_hud_mp_inventory_hatchet
61a42c9286e6282,ui_icon_weapon_charms_crab
ff9dcae840cba93,loot04_ui_icon_outfit_global_warpaint_s4_sun_ruin
1d796cded141ddc,ui_icon_emotes_poplock4
5c1ebf4fda1f6de,loot_ui_icon_stickers_summertime_01
971ff72837b8091,loot04_ui_icon_blackmarket_item_shop_wingsuit_preview_pirate
ae352d7af3efa05,loot_ui_icon_callingcards_summerbreak_07
3331529753614d7,loot_ui_icon_stickers_vacation_hotels_01
ae34dd7af3ef186,loot_ui_icon_callingcards_summerbreak_02
5c1eaf4fda1f52b,loot_ui_icon_stickers_summertime_02
5f976398f0c923a,loot04_ui_icon_outfit_summer_legendary1_nomad_outfit_bundle
33316297536168a,loot_ui_icon_stickers_vacation_hotels_02
ae34ed7af3ef339,loot_ui_icon_callingcards_summerbreak_03
5c1e9f4fda1f378,loot_ui_icon_stickers_summertime_03
1d795cded141c29,ui_icon_emotes_poplock3
b5b4d5a8bbcb25a,loot04_ui_icon_outfit_warrior_epic1_wetworks_recon_outfit_bundle
33317297536183d,loot_ui_icon_stickers_vacation_hotels_03
5c1f0f4fda1ff5d,loot_ui_icon_stickers_summertime_04
ae34fd7af3ef4ec,loot_ui_icon_callingcards_summerbreak_04
333102975360c58,loot_ui_icon_stickers_vacation_hotels_04
705a96c5baa31cc,ui_icon_emotes_jugglesoccreball
ae350d7af3ef69f,loot_ui_icon_callingcards_summerbreak_05
5c1eff4fda1fdaa,loot_ui_icon_stickers_summertime_05
333112975360e0b,loot_ui_icon_stickers_vacation_hotels_05
ae351d7af3ef852,loot_ui_icon_callingcards_summerbreak_06
f55be952afb2c97,ui_icon_blackmarket_stream_bribe_crate
19fbd26deb61b10,loot_ui_icon_stickers_aquatic_animals_01
6a9a89b383e1729,loot_ui_icon_callingcards_pirates_01
6a651b2d5a08a28,loot_ui_icon_stickers_pirates_01
19fc026deb62029,loot_ui_icon_stickers_aquatic_animals_02
158868eff1645f5,loot04_ui_icon_outfit_water_legendary1_spectre_outfit_bundle
6a654b2d5a08f41,loot_ui_icon_stickers_pirates_02
6f5ed45235834c2,loot04_ui_icon_outfit_topography_rare3_outrider_outfit_bundle
19fbf26deb61e76,loot_ui_icon_stickers_aquatic_animals_03
6a9a59b383e1210,loot_ui_icon_callingcards_pirates_02
fcc96dd4ee531f3,loot04_ui_icon_outfit_global_warpaint_s4_fish_ruin
6a653b2d5a08d8e,loot_ui_icon_stickers_pirates_03
6a9aa9b383e1a8f,loot_ui_icon_callingcards_pirates_07
54e4276169c9c0d,ui_icon_emotes_blackflag
19fc226deb6238f,loot_ui_icon_stickers_aquatic_animals_04
c7c4f51420f0273,loot04_ui_icon_outfit_warrior_epic1_wetworks_zero_outfit_bundle
6a656b2d5a092a7,loot_ui_icon_stickers_pirates_04
6a9ab9b383e1c42,loot_ui_icon_callingcards_pirates_04
19fc126deb621dc,loot_ui_icon_stickers_aquatic_animals_05
6a9ac9b383e1df5,loot_ui_icon_callingcards_pirates_05
e34b6f8c0f3c1f3,loot04_ui_icon_outfit_water_legendary1_ajax_outfit_bundle
6a655b2d5a090f4,loot_ui_icon_stickers_pirates_05
83fcaa5a0984180,ui_icon_emotes_parrot
6a9a99b383e18dc,loot_ui_icon_callingcards_pirates_06
e1e13b922b97285,loot04_ui_icon_cac_death_fx_rainbow
56378c030d3755a,loot_04_ui_icon_blackmarket_stream_vendetta
88d97bf933eac90,loot04_ui_icon_blackmarket_reserves_weapon_ar_peacekeeper
6b86233236ca2ce,loot04_ui_icon_outfit_warrior_epic1_wetworks_nomad_outfit_bundle
71917faf5dbbd31,loot04_ui_icon_blackmarket_reserves_weapon_ballistic_knife
1acd037f4e2c62f,loot_04_ui_icon_blackmarket_reserves_david_mason
337051c50e5b3c0,ui_icon_weapon_camo_active_sig_pistol_burst_render
52c7025a744de5f,ui_icon_hud_zb_power_up_insta_kill
6dc0330da89be10,ui_icon_hud_zb_power_up_double_points
1e95b2517c2746c,ui_icon_hud_zb_power_up_firesale
8ad88a2bb3c4a95,ui_icon_hud_zb_escape_blood_power_up
5a0e9b9f101eec7,ui_icon_hud_zb_bonfiresale
2e6f8f856cc9e7,ui_icon_difficulty_zm_casual_large
928c4ac10c89099,ui_icon_difficulty_zm_normal_large
57a3e144cd2148,ui_icon_difficulty_zm_hardcore_large
9ec234d78ba2f6e,ui_icon_difficulty_zm_realistic_large
767d849ea4ed591,ui_icon_attachment_knife_blades
318fb2a0563bec9,ui_icon_attachment_knife_fastreload
7ff6a3edb547959,ui_icon_attachment_knife_loader
da82be1313588d6,ui_icon_attachment_knife_opmod_dual_wield
dc83ca4c64cc566,ui_icon_weapon_sniper_locus_xl
7fb0ac328d33746,ui_icon_weapon_sniper_locus_render
56f8c0baed234a3,ui_icon_weapon_sniper_mini14_mk2_render
e73b72dcf1e5d67,ui_icon_attachment_mini14_opmod_bipod
474a32566df7802,ui_icon_weapon_camo_active_sig_lmg_spray_render
90082757d9e122b,ui_icon_weapon_pistol_fullauto_mk2_render
fc6adabbd3705b4,ui_icon_weapon_shotgun_fullauto_mk2_render
e0cd12d3e3678bd,ui_icon_weapon_pistol_standard_sig_01_render
db5e4c2bbf2951f,ui_icon_weapon_shotgun_semi_sig_01_render
363edb767c1a169,ui_icon_attachment_pistolscope
76663bdf059b358,ui_icon_weapon_tr_damageburst_render
9d9ac5ea119cf5c,ui_icon_weapon_special_crossbow_render
cb920c75e606897,loot_05_ui_icon_blackmarket_stream_reaper
5628f8f8fa19abf,ui_icon_weapon_charms_cartoon_bomb
978887822e13738,ui_icon_emotes_romancandle
62812514bb331e9,loot_ui_icon_stickers_zombie_comics_01
4aa8f453b6e1943,loot_05_ui_icon_blackmarket_stream_wraith
f4aec01a7f2f276,loot_ui_icon_callingcards_specialist_zombies_01
6280f514bb32cd0,loot_ui_icon_stickers_zombie_comics_02
f4aeb01a7f2f0c3,loot_ui_icon_callingcards_specialist_zombies_02
62810514bb32e83,loot_ui_icon_stickers_zombie_comics_03
9168dd1e9c790d0,loot05_ui_icon_outfit_mean_legendary1_firebreak
f4aee01a7f2f5dc,loot_ui_icon_callingcards_specialist_zombies_07
cbb63bc744cfe06,ui_icon_emotes_popnlock6
62815514bb33702,loot_ui_icon_stickers_zombie_comics_04
f4af101a7f2faf5,loot_ui_icon_callingcards_specialist_zombies_04
2a6271d1ea8520a,loot05_ui_icon_outfit_zombie_epic1_torque
62816514bb338b5,loot_ui_icon_stickers_zombie_comics_05
f4af001a7f2f942,loot_ui_icon_callingcards_specialist_zombies_05
5c10b1b74ea5ca3,loot05_ui_icon_outfit_global_warpaint_s5_hazard_bruno_ix
f4aef01a7f2f78f,loot_ui_icon_callingcards_specialist_zombies_06
ebd854e21fa79d,loot05_ui_icon_blackmarket_stream_sniper_quickscope_sig_02
decceadd6d6b0d8,loot_ui_icon_stickers_zombie_vhs_01
b1a7d17cbe55735,loot05_ui_icon_outfit_spectrum_rare1_reaper
7836c91868a1baa,loot_ui_icon_callingcards_survivors_01
decd1add6d6b5f1,loot_ui_icon_stickers_zombie_vhs_02
6025e9e0a520071,loot05_ui_icon_outfit_demonology_legendary1_prophet
7836b91868a19f7,loot_ui_icon_callingcards_survivors_02
decd0add6d6b43e,loot_ui_icon_stickers_zombie_vhs_03
fc1cf81aad966fe,ui_icon_emotes_toyraygun
7836a91868a1844,loot_ui_icon_callingcards_survivors_03
6a39ab2863397e,loot05_ui_icon_outfit_zombie_epic1_zero
7836991868a1691,loot_ui_icon_callingcards_survivors_04
cbb62bc744cfc53,ui_icon_emotes_popnlock5
decd3add6d6b957,loot_ui_icon_stickers_zombie_vhs_04
7836891868a14de,loot_ui_icon_callingcards_survivors_05
38cdf264710ca88,loot05_ui_icon_outfit_demonology_legendary1_crash
decd2add6d6b7a4,loot_ui_icon_stickers_zombie_vhs_05
8f8d64f9054596f,ui_icon_emotes_bookofhell
7836791868a132b,loot_ui_icon_callingcards_survivors_06
b9990d80dd80b69,loot04_ui_icon_blackmarket_reserves_death_fx_lava
f55be952afb2c97,ui_icon_blackmarket_stream_bribe_crate
4c3a8802da9115c,loot05_ui_icon_blackmarket_reserves_special_crossbow
38433dfc3f7cea6,loot05_ui_icon_blackmarket_reserves_smg_handling_mk2
5496ea7cc94f7bd,loot05_ui_icon_blackmarket_reserves_shotgun_precision
a777a07b2c4e6b,loot_05_ui_icon_blackmarket_reserves_matt_shadows
6a25caedffe2607,loot05_ui_icon_blackmarket_reserves_smg_fastburst_sig_02
f7f3486a6cbdb2a,ui_icon_weapon_smg_handling_mk2_render
2427dc3536bb9c0,ui_icon_weapon_shotgun_pump_mk2_render
a0687ac19025ef6,ui_icon_weapon_melee_zombie_arm_xl
888e98b1862c1b6,ui_icon_weapon_melee_zombie_arm_render
6033a63e7a07201,ui_icon_weapon_ar_modular_mk2_render
d0d9930cb79d187,ui_icon_weapon_sniper_damagesemi_xl
95bb9c76b77d5f7,ui_icon_weapon_sniper_damagesemi_render
83fcbaf65f0f6c4,ui_icon_weapon_tr_damageburst_xl
a1b4c89ed2b136c,ui_icon_attachment_speedloader
76bd56407662dbc,ui_icon_weapon_tr_flechette_mk2_render
dd3b724e7b6c42f,ui_icon_weapon_ar_peacekeeper_mk2_render
a107f9019a26861,ui_icon_weapon_lmg_stealth_mk2_render
85f930a85499838,ui_icon_weapon_charms_saltshaker
509f313af2c7d73,ui_icon_emotes_warface
236c97e3d0c94e7,loot_ui_icon_stickers_pixelzombies_01
f107f4404e16f75,loot_ui_icon_callingcards_zombiediner_01
e9b7abf5309890a,loot_05_ui_icon_blackmarket_stream_jumppack_diner
aef05c3c73d9764,loot_ui_icon_stickers_survival_tools_01
9a0827ae98da864,ui_icon_blackmarket_reserves_case_large
f10794404e16543,loot_ui_icon_callingcards_zombiediner_07
236ca7e3d0c969a,loot_ui_icon_stickers_pixelzombies_02
791d01a83ca9ed8,loot05_ui_icon_outfit_vampire_legendary1_ruin
aef01c3c73d9098,loot_ui_icon_stickers_survival_tools_05
f107d4404e16c0f,loot_ui_icon_callingcards_zombiediner_03
236cb7e3d0c984d,loot_ui_icon_stickers_pixelzombies_03
f3ea69b470ccce,loot05_ui_icon_outfit_zombie_epic1_ajax
aef08c3c73d9c7d,loot_ui_icon_stickers_survival_tools_02
bd61ccd897088c0,ui_icon_emotes_sparkler
236c47e3d0c8c68,loot_ui_icon_stickers_pixelzombies_04
a7852315b2d219,loot05_ui_icon_outfit_spectrum_rare1_crash
f107a4404e166f6,loot_ui_icon_callingcards_zombiediner_04
aef02c3c73d924b,loot_ui_icon_stickers_survival_tools_04
f107b4404e168a9,loot_ui_icon_callingcards_zombiediner_05
bb7901bae7c48b0,ui_icon_emotes_unicycle
236c57e3d0c8e1b,loot_ui_icon_stickers_pixelzombies_05
aef07c3c73d9aca,loot_ui_icon_stickers_survival_tools_03
f10784404e16390,loot_ui_icon_callingcards_zombiediner_06
31dd2e2e7b610bf,loot_05_ui_icon_blackmarket_stream_spinal_tap
867bd22afceeb08,loot_ui_icon_stickers_cartoon_zombies_01
2b73b04a085b48,loot_ui_icon_callingcards_zombiecamp_01
27ec993e9ba46cd,loot_ui_icon_stickers_campbadges_01
867c022afcef021,loot_ui_icon_stickers_cartoon_zombies_02
4fba12336411dd,loot05_ui_icon_outfit_demonology_legendary1_outrider
9342dd02f49c22f,ui_icon_emotes_fingerglasses
27ec693e9ba41b4,loot_ui_icon_stickers_campbadges_02
2b79b04a08657a,loot_ui_icon_callingcards_zombiecamp_07
52a94e4737b309b,loot05_ui_icon_outfit_global_warpaint_s5_zombie_ruin
867bf22afceee6e,loot_ui_icon_stickers_cartoon_zombies_03
27ec793e9ba4367,loot_ui_icon_stickers_campbadges_03
2b75b04a085eae,loot_ui_icon_callingcards_zombiecamp_03
202454a2e47fed9,loot05_ui_icon_outfit_zombie_epic1_battery
cbb6dbc744d0f04,ui_icon_emotes_popnlock8
867c222afcef387,loot_ui_icon_stickers_cartoon_zombies_04
27ec493e9ba3e4e,loot_ui_icon_stickers_campbadges_04
b30ad2142a7ce17,loot05_ui_icon_outfit_mean_legendary1_zero
2b78b04a0863c7,loot_ui_icon_callingcards_zombiecamp_04
867c122afcef1d4,loot_ui_icon_stickers_cartoon_zombies_05
2b77b04a086214,loot_ui_icon_callingcards_zombiecamp_05
da3e8f6904aa365,ui_icon_emotes_nuke
27ec593e9ba4001,loot_ui_icon_stickers_campbadges_05
2b7ab04a08672d,loot_ui_icon_callingcards_zombiecamp_06
f55be952afb2c97,ui_icon_blackmarket_stream_bribe_crate
53bec31fde66c4c,loot06_ui_icon_blackmarket_reserves_sniper_damagesemi
d719a35718c910,loot06_ui_icon_blackmarket_reserves_ar_peacekeeper_mk2
395d9a09c6f3269,loot06_ui_icon_blackmarket_reserves_tr_damageburst
29aa56873d2e7ed,loot06_ui_icon_blackmarket_reserves_stealth_mk2
fb1e94c5a3493f2,loot06_ui_icon_blackmarket_reserves_ar_standard_sig02
15f9af426a48b48,ui_icon_weapon_tr_midburst_mk2_render
cdbd1a89b6392f4,ui_icon_weapon_ar_an94_xl
8ae534cd67cee68,ui_icon_weapon_ar_an94_render
e869a8aa0b02259,ui_icon_weapon_ar_doublebarrel_xl
913c85a1ca84f25,ui_icon_weapon_ar_doublebarrel_render
8b90670bc186dae,ui_icon_weapon_lmg_plr_mk2_render
e80af491c7f8c15,ui_icon_weapon_smg_vmp_xl
1daf83399c9e0f9,ui_icon_weapon_smg_vmp_render
505f1cf63e407f5,ui_icon_weapon_sniper_powerbolt_mk2_render
2b26fa764344048,ui_icon_weapon_pistol_revolver_mk2_render
